slug,language,url
home,es,https://www.4milmillones.org/
inicio,es,https://www.4milmillones.org/inicio
que-es-evolucion,es,https://www.4milmillones.org/que-es-evolucion
funcionamiento,es,https://www.4milmillones.org/funcionamiento
sucede,es,https://www.4milmillones.org/sucede
ser-humano,es,https://www.4milmillones.org/ser-humano
hominidos,es,https://www.4milmillones.org/hominidos
evidencias-para-la-evolucion,es,https://www.4milmillones.org/evidencias-para-la-evolucion
hechos,es,https://www.4milmillones.org/hechos
fechas,es,https://www.4milmillones.org/fechas
evolucion-primates,es,https://www.4milmillones.org/evolucion-primates
evolucion-del-perro,es,https://www.4milmillones.org/evolucion-del-perro
errores,es,https://www.4milmillones.org/errores
mitos-creacionistas,es,https://www.4milmillones.org/mitos-creacionistas
personajes,es,https://www.4milmillones.org/personajes
libros-recomendados,es,https://www.4milmillones.org/libros-recomendados
preguntas-frecuentes,es,https://www.4milmillones.org/preguntas-frecuentes
medios,es,https://www.4milmillones.org/medios
autores,es,https://www.4milmillones.org/autores
english,en,https://www.4milmillones.org/english
what-is-evolution,en,https://www.4milmillones.org/what-is-evolution
mechanisms,en,https://www.4milmillones.org/mechanisms
evidence-for-evolution,en,https://www.4milmillones.org/evidence-for-evolution
primates,en,https://www.4milmillones.org/primates
homo-sapiens,en,https://www.4milmillones.org/homo-sapiens
creation-myths,en,https://www.4milmillones.org/creation-myths
evolution-of-dogs,en,https://www.4milmillones.org/evolution-of-dogs
characters,en,https://www.4milmillones.org/characters
authors,en,https://www.4milmillones.org/authors
